{
  "avg_accuracy": 0.5636363636363636,
  "min_accuracy": 0.5454545454545454,
  "max_accuracy": 0.6363636363636364,
  "successful_tests": 5,
  "total_tests": 5,
  "all_accuracies": [
    0.5454545454545454,
    0.5454545454545454,
    0.6363636363636364,
    0.5454545454545454,
    0.5454545454545454
  ]
}